id,ingredients,liked,created_at
user_16,"[""Mozzarella"", ""Mushrooms"", ""Mozzarella"", ""Pineapple"", ""Garlic""]",True,2026-01-05 11:00:00
user_3,"[""Tuna"", ""Mushrooms"", ""Emmentaler"", ""Edamer"", ""Gouda"", ""Gyros"", ""Garlic"", ""Ham"", ""Peppers"", ""Classic Wheat""]",True,2026-01-05 11:00:00
user_13,"[""Roman"", ""Edamer"", ""Mushrooms"", ""Garlic"", ""Mozzarella"", ""Gyros"", ""Classic Wheat"", ""American/Flammkuchen"", ""Salami"", ""Neapolitan""]",False,2026-01-05 11:00:00
user_18,"[""Salami"", ""Neapolitan"", ""Garlic"", ""Onions"", ""Sucuk""]",True,2026-01-05 11:00:00
user_1,"[""Peppers"", ""Tuna"", ""Emmentaler"", ""Mushrooms"", ""American/Flammkuchen"", ""Onions"", ""Mozzarella"", ""Salami"", ""Roman"", ""Pineapple""]",True,2026-01-05 11:00:00
user_5,"[""Mushrooms"", ""Edamer"", ""Roman"", ""Tuna"", ""Mozzarella"", ""Onions"", ""Pineapple"", ""Peppers"", ""American/Flammkuchen""]",False,2026-01-05 11:00:00
user_7,"[""Garlic"", ""Salami"", ""Roman"", ""Ham"", ""Pineapple""]",False,2026-01-05 11:00:00
user_18,"[""Mozzarella"", ""Edamer"", ""Classic Wheat"", ""Sucuk"", ""Onions"", ""Gouda"", ""Roman"", ""Tuna"", ""Mozzarella"", ""American/Flammkuchen""]",False,2026-01-05 11:00:00
user_18,"[""Onions"", ""Emmentaler"", ""Mushrooms"", ""Ham"", ""Gouda""]",True,2026-01-05 11:00:00
user_15,"[""Roman"", ""Sucuk"", ""Classic Wheat"", ""D\u00f6ner"", ""Garlic"", ""Peppers"", ""Tuna"", ""American/Flammkuchen"", ""Mozzarella"", ""Emmentaler""]",False,2026-01-05 11:00:00
user_15,"[""Sucuk"", ""Mozzarella"", ""Gouda"", ""Emmentaler"", ""Edamer"", ""American/Flammkuchen"", ""Tuna"", ""Onions""]",False,2026-01-05 11:00:00
user_2,"[""Tuna"", ""Pineapple"", ""Neapolitan"", ""Onions""]",False,2026-01-05 11:00:00
user_19,"[""Mozzarella"", ""Mozzarella"", ""D\u00f6ner"", ""Pineapple"", ""Emmentaler"", ""Onions"", ""Neapolitan"", ""Sucuk"", ""Roman"", ""Mushrooms""]",False,2026-01-05 11:00:00
user_17,"[""Tuna"", ""Onions"", ""Emmentaler"", ""American/Flammkuchen"", ""D\u00f6ner"", ""Mozzarella"", ""Pineapple"", ""Ham"", ""Salami""]",True,2026-01-05 11:00:00
user_18,"[""Sucuk"", ""Gyros"", ""D\u00f6ner"", ""Garlic"", ""Ham"", ""Mozzarella"", ""Gouda"", ""Mushrooms"", ""American/Flammkuchen""]",False,2026-01-05 11:00:00
user_17,"[""Mushrooms"", ""Garlic"", ""D\u00f6ner"", ""Ham"", ""Roman"", ""Peppers"", ""Mozzarella"", ""Gyros"", ""Tuna"", ""Salami""]",True,2026-01-05 11:00:00
user_20,"[""Roman"", ""Classic Wheat"", ""Garlic"", ""Mozzarella"", ""American/Flammkuchen"", ""Onions""]",False,2026-01-05 11:00:00
user_13,"[""Emmentaler"", ""Gyros"", ""Gouda"", ""Neapolitan"", ""Peppers"", ""Salami"", ""Mushrooms""]",True,2026-01-05 11:00:00
user_11,"[""Mushrooms"", ""Edamer"", ""Gyros"", ""Sucuk"", ""Tuna"", ""Mozzarella""]",True,2026-01-05 11:00:00
user_20,"[""Classic Wheat"", ""Ham"", ""Garlic"", ""American/Flammkuchen"", ""Roman"", ""Peppers"", ""Mozzarella"", ""Tuna""]",False,2026-01-05 11:00:00
user_19,"[""Garlic"", ""Peppers"", ""Onions"", ""D\u00f6ner""]",True,2026-01-05 11:00:00
user_14,"[""Onions"", ""D\u00f6ner"", ""Tuna"", ""Emmentaler"", ""Gouda"", ""Sucuk"", ""Mushrooms"", ""Pineapple"", ""Mozzarella""]",True,2026-01-05 11:00:00
user_12,"[""Mozzarella"", ""Mozzarella"", ""Neapolitan"", ""Tuna"", ""Sucuk"", ""Classic Wheat"", ""Pineapple"", ""Peppers"", ""Ham"", ""Garlic""]",False,2026-01-05 11:00:00
user_12,"[""American/Flammkuchen"", ""Sucuk"", ""Mozzarella"", ""Mushrooms"", ""D\u00f6ner"", ""Salami"", ""Classic Wheat"", ""Mozzarella"", ""Tuna"", ""Onions""]",True,2026-01-05 11:00:00
user_10,"[""Pineapple"", ""Salami"", ""Gouda"", ""Emmentaler"", ""Peppers"", ""Gyros"", ""Roman"", ""Sucuk"", ""Garlic"", ""Classic Wheat""]",False,2026-01-05 11:00:00
user_10,"[""Gyros"", ""Classic Wheat"", ""Edamer"", ""Mushrooms"", ""Onions""]",True,2026-01-05 11:00:00
user_4,"[""Emmentaler"", ""American/Flammkuchen"", ""Gouda"", ""Mushrooms"", ""Mozzarella"", ""Tuna"", ""D\u00f6ner"", ""Mozzarella""]",False,2026-01-05 11:00:00
user_11,"[""Garlic"", ""Mozzarella"", ""Mushrooms"", ""Pineapple"", ""Gouda""]",True,2026-01-05 11:00:00
user_10,"[""Salami"", ""Mozzarella"", ""Neapolitan"", ""Edamer"", ""American/Flammkuchen"", ""Mozzarella"", ""Mushrooms"", ""Gyros"", ""Sucuk""]",True,2026-01-05 11:00:00
user_13,"[""Emmentaler"", ""Salami"", ""Mushrooms"", ""Roman"", ""Peppers"", ""Tuna"", ""Mozzarella"", ""Gyros"", ""Garlic""]",True,2026-01-05 11:00:00
user_8,"[""Peppers"", ""American/Flammkuchen"", ""Salami"", ""Onions"", ""Pineapple"", ""D\u00f6ner"", ""Roman"", ""Neapolitan""]",True,2026-01-05 11:00:00
user_19,"[""American/Flammkuchen"", ""Tuna"", ""Sucuk"", ""Salami"", ""Onions"", ""Mozzarella"", ""Mozzarella"", ""Gyros"", ""Mushrooms""]",True,2026-01-05 11:00:00
user_20,"[""Ham"", ""Pineapple"", ""Neapolitan"", ""Edamer"", ""Classic Wheat"", ""Garlic"", ""Mushrooms"", ""Gouda"", ""Mozzarella""]",False,2026-01-05 11:00:00
user_17,"[""Tuna"", ""Sucuk"", ""Mozzarella"", ""American/Flammkuchen"", ""Onions"", ""Neapolitan"", ""Gouda"", ""Edamer""]",True,2026-01-05 11:00:00
user_3,"[""Mozzarella"", ""Sucuk"", ""Roman"", ""Onions""]",True,2026-01-05 11:00:00
user_18,"[""American/Flammkuchen"", ""Salami"", ""D\u00f6ner"", ""Mozzarella"", ""Roman"", ""Mozzarella""]",True,2026-01-05 11:00:00
user_6,"[""D\u00f6ner"", ""Mozzarella"", ""Classic Wheat"", ""Gyros"", ""Tuna"", ""Ham"", ""American/Flammkuchen"", ""Pineapple"", ""Mozzarella""]",True,2026-01-05 11:00:00
user_1,"[""Onions"", ""D\u00f6ner"", ""Roman"", ""Ham"", ""Peppers"", ""Emmentaler""]",True,2026-01-05 11:00:00
user_12,"[""Pineapple"", ""Mushrooms"", ""Tuna"", ""Onions"", ""American/Flammkuchen""]",True,2026-01-05 11:00:00
user_20,"[""D\u00f6ner"", ""Emmentaler"", ""Onions"", ""Pineapple"", ""Neapolitan"", ""Gouda"", ""Garlic"", ""Tuna"", ""Mushrooms"", ""Mozzarella""]",False,2026-01-05 11:00:00
user_12,"[""Edamer"", ""Ham"", ""Mushrooms"", ""Classic Wheat"", ""Roman"", ""Gyros""]",True,2026-01-05 11:00:00
user_3,"[""Peppers"", ""D\u00f6ner"", ""Mozzarella"", ""Tuna"", ""Sucuk"", ""Mozzarella"", ""Mushrooms"", ""Edamer"", ""Salami"", ""Emmentaler""]",False,2026-01-05 11:00:00
user_4,"[""Garlic"", ""Mozzarella"", ""Onions"", ""Mozzarella"", ""Emmentaler"", ""Neapolitan"", ""Ham"", ""D\u00f6ner"", ""Salami""]",True,2026-01-05 11:00:00
user_7,"[""Sucuk"", ""American/Flammkuchen"", ""Classic Wheat"", ""Ham"", ""D\u00f6ner"", ""Roman""]",False,2026-01-05 11:00:00
user_12,"[""Pineapple"", ""Garlic"", ""Sucuk"", ""Ham"", ""Mozzarella"", ""D\u00f6ner""]",False,2026-01-05 11:00:00
user_8,"[""Mozzarella"", ""Peppers"", ""Gyros"", ""American/Flammkuchen"", ""Ham""]",True,2026-01-05 11:00:00
user_12,"[""Classic Wheat"", ""Emmentaler"", ""Pineapple"", ""Mozzarella"", ""D\u00f6ner""]",True,2026-01-05 11:00:00
user_14,"[""Pineapple"", ""American/Flammkuchen"", ""Onions"", ""Roman"", ""Gyros"", ""Mozzarella""]",False,2026-01-05 11:00:00
user_7,"[""Pineapple"", ""Neapolitan"", ""Mozzarella"", ""Roman"", ""Mushrooms"", ""D\u00f6ner"", ""Salami"", ""Onions"", ""American/Flammkuchen""]",True,2026-01-05 11:00:00
user_16,"[""American/Flammkuchen"", ""Salami"", ""Edamer"", ""Mozzarella"", ""Gyros"", ""Garlic"", ""Pineapple""]",True,2026-01-05 11:00:00
user_1,"[""Peppers"", ""Pineapple"", ""Garlic"", ""Edamer"", ""Mozzarella"", ""Emmentaler""]",False,2026-01-05 11:00:00
user_1,"[""Mozzarella"", ""Pineapple"", ""Ham"", ""Classic Wheat""]",False,2026-01-05 11:00:00
user_15,"[""Mozzarella"", ""Classic Wheat"", ""Salami"", ""Garlic""]",False,2026-01-05 11:00:00
user_18,"[""Garlic"", ""Gouda"", ""Onions"", ""Classic Wheat"", ""Tuna"", ""Mushrooms""]",False,2026-01-05 11:00:00
user_3,"[""Mozzarella"", ""Roman"", ""Garlic"", ""American/Flammkuchen"", ""Classic Wheat"", ""Ham"", ""Edamer"", ""D\u00f6ner""]",True,2026-01-05 11:00:00
user_9,"[""Gouda"", ""Gyros"", ""Neapolitan"", ""Salami"", ""Peppers"", ""Roman"", ""Classic Wheat"", ""Ham"", ""Pineapple"", ""Mushrooms""]",True,2026-01-05 11:00:00
user_7,"[""Edamer"", ""Classic Wheat"", ""Peppers"", ""D\u00f6ner"", ""Ham""]",True,2026-01-05 11:00:00
user_1,"[""Mozzarella"", ""Emmentaler"", ""Pineapple"", ""Roman"", ""Gyros"", ""D\u00f6ner"", ""Garlic"", ""Neapolitan"", ""Mozzarella"", ""Classic Wheat""]",True,2026-01-05 11:00:00
user_8,"[""Emmentaler"", ""Edamer"", ""Sucuk"", ""D\u00f6ner"", ""Mushrooms"", ""Ham"", ""Gyros"", ""Peppers""]",True,2026-01-05 11:00:00
user_3,"[""Ham"", ""Gyros"", ""Pineapple"", ""Mozzarella"", ""Tuna""]",False,2026-01-05 11:00:00
user_2,"[""Salami"", ""D\u00f6ner"", ""Mozzarella"", ""Pineapple""]",False,2026-01-05 11:00:00
user_7,"[""Mozzarella"", ""D\u00f6ner"", ""Mozzarella"", ""Mushrooms"", ""Emmentaler"", ""Sucuk"", ""Salami"", ""Edamer"", ""Gouda"", ""Neapolitan""]",False,2026-01-05 11:00:00
user_2,"[""Classic Wheat"", ""Gyros"", ""Salami"", ""Mozzarella"", ""Neapolitan"", ""Emmentaler"", ""Edamer"", ""Sucuk"", ""D\u00f6ner""]",False,2026-01-05 11:00:00
user_2,"[""Classic Wheat"", ""Edamer"", ""Sucuk"", ""Emmentaler"", ""Pineapple"", ""Mushrooms"", ""Gouda"", ""Peppers"", ""D\u00f6ner""]",True,2026-01-05 11:00:00
user_9,"[""Salami"", ""Tuna"", ""Gyros"", ""Sucuk"", ""D\u00f6ner"", ""Mozzarella"", ""Ham"", ""Edamer"", ""Roman""]",True,2026-01-05 11:00:00
user_4,"[""D\u00f6ner"", ""Roman"", ""Emmentaler"", ""Classic Wheat"", ""Edamer"", ""Gyros"", ""Mozzarella"", ""Mushrooms""]",True,2026-01-05 11:00:00
user_18,"[""Gyros"", ""Tuna"", ""Onions"", ""Sucuk"", ""Pineapple"", ""Salami"", ""Mozzarella"", ""Mozzarella"", ""American/Flammkuchen""]",True,2026-01-05 11:00:00
user_3,"[""Ham"", ""Garlic"", ""Classic Wheat"", ""Mushrooms"", ""Gyros""]",True,2026-01-05 11:00:00
user_5,"[""Neapolitan"", ""Mozzarella"", ""American/Flammkuchen"", ""Mozzarella"", ""Gouda"", ""Classic Wheat"", ""Edamer""]",False,2026-01-05 11:00:00
user_1,"[""Gyros"", ""Peppers"", ""Neapolitan"", ""Mozzarella"", ""Classic Wheat""]",False,2026-01-05 11:00:00
user_10,"[""Edamer"", ""Peppers"", ""Mozzarella"", ""Classic Wheat"", ""Mushrooms"", ""Neapolitan"", ""Gyros"", ""Salami""]",True,2026-01-05 11:00:00
user_2,"[""Emmentaler"", ""Edamer"", ""Gyros"", ""Tuna"", ""Pineapple""]",False,2026-01-05 11:00:00
user_12,"[""Classic Wheat"", ""Gyros"", ""Ham"", ""Garlic"", ""Gouda"", ""Edamer"", ""Mushrooms"", ""Salami"", ""Sucuk"", ""Mozzarella""]",True,2026-01-05 11:00:00
user_7,"[""Onions"", ""Sucuk"", ""Gouda"", ""D\u00f6ner"", ""Garlic"", ""Neapolitan"", ""American/Flammkuchen"", ""Salami"", ""Classic Wheat"", ""Peppers""]",False,2026-01-05 11:00:00
user_2,"[""Mozzarella"", ""Mushrooms"", ""Garlic"", ""Mozzarella"", ""Salami"", ""Roman""]",False,2026-01-05 11:00:00
user_12,"[""D\u00f6ner"", ""Ham"", ""Emmentaler"", ""Pineapple"", ""American/Flammkuchen"", ""Mozzarella"", ""Peppers"", ""Gouda"", ""Neapolitan""]",False,2026-01-05 11:00:00
user_13,"[""Roman"", ""Onions"", ""Gouda"", ""D\u00f6ner"", ""Salami"", ""Peppers""]",True,2026-01-05 11:00:00
user_1,"[""Pineapple"", ""Gyros"", ""Mozzarella"", ""Gouda"", ""Edamer"", ""Mozzarella""]",True,2026-01-05 11:00:00
user_17,"[""Roman"", ""Neapolitan"", ""Mozzarella"", ""American/Flammkuchen""]",False,2026-01-05 11:00:00
user_18,"[""Gouda"", ""Classic Wheat"", ""D\u00f6ner"", ""Salami"", ""Edamer""]",True,2026-01-05 11:00:00
user_11,"[""Peppers"", ""Garlic"", ""Onions"", ""Ham"", ""Pineapple""]",True,2026-01-05 11:00:00
user_3,"[""Onions"", ""Salami"", ""Emmentaler"", ""Mushrooms"", ""American/Flammkuchen""]",False,2026-01-05 11:00:00
user_4,"[""Salami"", ""Emmentaler"", ""Pineapple"", ""Ham"", ""Mozzarella"", ""Mozzarella"", ""American/Flammkuchen"", ""Tuna"", ""Mushrooms""]",True,2026-01-05 11:00:00
user_13,"[""Pineapple"", ""Emmentaler"", ""Gouda"", ""Peppers"", ""Garlic"", ""Onions"", ""Mozzarella"", ""Classic Wheat""]",False,2026-01-05 11:00:00
user_8,"[""Roman"", ""Sucuk"", ""Neapolitan"", ""Garlic"", ""Gyros""]",False,2026-01-05 11:00:00
user_9,"[""American/Flammkuchen"", ""Ham"", ""Classic Wheat"", ""Pineapple"", ""Emmentaler"", ""Neapolitan"", ""Onions""]",False,2026-01-05 11:00:00
user_11,"[""Edamer"", ""Gyros"", ""Ham"", ""Peppers"", ""Gouda"", ""D\u00f6ner"", ""Onions"", ""Emmentaler"", ""Salami""]",True,2026-01-05 11:00:00
user_3,"[""Roman"", ""Mozzarella"", ""Pineapple"", ""American/Flammkuchen"", ""Gouda"", ""Mushrooms""]",False,2026-01-05 11:00:00
user_10,"[""Mozzarella"", ""Classic Wheat"", ""Garlic"", ""American/Flammkuchen"", ""D\u00f6ner"", ""Edamer""]",False,2026-01-05 11:00:00
user_14,"[""Edamer"", ""Roman"", ""Neapolitan"", ""Pineapple"", ""Ham"", ""Mushrooms"", ""Tuna""]",False,2026-01-05 11:00:00
user_7,"[""D\u00f6ner"", ""Pineapple"", ""Mozzarella"", ""Ham""]",True,2026-01-05 11:00:00
user_17,"[""Peppers"", ""American/Flammkuchen"", ""Classic Wheat"", ""Pineapple""]",False,2026-01-05 11:00:00
user_9,"[""Mozzarella"", ""Emmentaler"", ""Roman"", ""Sucuk"", ""Edamer"", ""Peppers""]",False,2026-01-05 11:00:00
user_4,"[""Classic Wheat"", ""Edamer"", ""Neapolitan"", ""Mozzarella""]",False,2026-01-05 11:00:00
user_18,"[""Mushrooms"", ""Classic Wheat"", ""Roman"", ""Edamer""]",True,2026-01-05 11:00:00
user_15,"[""Gyros"", ""Garlic"", ""Salami"", ""Classic Wheat"", ""Tuna"", ""Gouda"", ""Onions"", ""Mozzarella""]",True,2026-01-05 11:00:00
user_5,"[""Onions"", ""American/Flammkuchen"", ""Gouda"", ""Salami"", ""Emmentaler""]",True,2026-01-05 11:00:00
user_17,"[""Onions"", ""American/Flammkuchen"", ""Ham"", ""Classic Wheat"", ""Mozzarella"", ""Neapolitan"", ""Mozzarella"", ""Edamer"", ""D\u00f6ner"", ""Gyros""]",True,2026-01-05 11:00:00
user_6,"[""Edamer"", ""Pineapple"", ""Peppers"", ""Mozzarella"", ""American/Flammkuchen"", ""Garlic"", ""Sucuk"", ""Gyros"", ""D\u00f6ner"", ""Gouda""]",True,2026-01-05 11:00:00
user_7,"[""Onions"", ""Roman"", ""Gyros"", ""Emmentaler""]",True,2026-01-05 11:00:00
